name	180322-190603_Brain_S36	32140243_EXO_S2	32141753_EXO_S10	32150101_EXO_S3	32150228_EXO_S18	32150296_EXO_S34	32150300_EXO_S4	32150301_EXO_S14	32150688_EXO_S20	32150759_EXO_S26	32151086_EXO_S6	32151109_EXO_S17	32151113_EXO_S24	32150744_EXO_S30	32151157_EXO_S31	32151161_EXO_S19	32151640_EXO_S32	32151204_EXO_S9	32151206_EXO_S12	32151642_EXO_S5	32151649_EXO_S7	32151201_EXO_S23	32151662_EXO_S25	32151675_EXO_S28	32151681_EXO_S21	32151684_EXO_S13	32151680_EXO_S22	32151808_EXO_S16	32151828_EXO_S15	32151872_EXO_S27	32151947_EXO_S11	32152118_EXO_S1	32152206_EXO_S33	32152166_EXO_S8	32152477_EXO_S29	32152211_EXO_S35
hsa-let-7a-2-3p		21																																		
hsa-let-7a-3p	886	376		133	312		314	185			54				154			147	78	1	54	557	156	226		599	292	48					43	369	25	1
hsa-let-7a-5p	597728	861579	41631	260628	230945	26652	281574	118037	68742	36228	69326	25590	10388	14358	15894	1802	39976	107341	54865	76932	239424	83659	36034	436179	42879	237394	142863	141468	16161	43888	21795	22149	67492	228596	230607	1536
hsa-let-7b-3p	1621	574		96	139		241	40	60		86		71	31				779		94	128	110				231	203	146		87		53	37	190	384	
hsa-let-7b-5p	91635	578877	28777	165885	134834	20428	178267	68754	39973	21447	80449	13362	4596	6801	5719	1452	22098	78672	35803	53168	156466	54936	17731	204242	38115	141225	94382	76745	8074	17367	15990	17279	52650	119462	110869	1392
hsa-let-7c-3p	95	60					33																													
hsa-let-7c-5p	82050	168972	5872	32292	28738	6827	38436	15644	8939	4460	12237	3851	2476	636	1370	974	5351	13191	9607	13340	33790	9662	5736	62255	8168	38405	19829	14015	2215	3006	3431	4314	13714	33125	28282	136
hsa-let-7d-3p	6159	6364	436	2119	1585	269	3656	975	544	435	1631	387	115	185	90	1		867	384	1240	2660	893	406	2287	399	2060	1179	1034	184	43	190	176	596	2758	2275	
hsa-let-7d-5p	32741	18056	293	5307	4621	632	6082	3941	1264	1354	2361	449	31	445	320	2	1631	1829	1287	1827	6208	2221	1143	7154	750	5757	3681	2657	263	533	27	888	1369	4182	6060	130
hsa-let-7e-3p	114	82					33														114		116				11						31	3		
hsa-let-7e-5p	40824	90721	3494	25960	21183	2540	25950	12346	9046	7345	9508	2915	2071	1041	845	176	2566	9068	6611	6666	31216	8105	3430	40028	6407	23660	18678	13139	1850	2657	2935	2946	9200	26759	27629	250
hsa-let-7f-1-3p	53																																	1		
hsa-let-7f-2-3p		35			1		1															2		1												
hsa-let-7f-5p	390058	398972	18591	118395	115499	14810	146116	64303	42988	13783	34211	15890	7928	10738	13642	569	20623	45853	28367	32955	125122	51054	18139	220937	26373	139035	91854	73221	9251	29972	11805	9079	36642	127410	134501	836
hsa-let-7g-5p	136161	62131	3877	16176	21500	2053	23054	13773	6199	3011	7483	2698	3363	1118	1861	218	4255	9932	3745	4406	24872	10335	5179	41666	4807	22929	19466	14235	1453	4429	1708	1726	8908	24473	30759	66
hsa-let-7i-3p	72						29														4						12								74	
hsa-let-7i-5p	34291	13540	1790	3724	6688	331	5220	2454	3508	802	3363	589	741	318	225	129	563	789	885	1856	8124	3960	834	9390	2342	5766	6194	2912	252	1414	416	640	2136	5758	16374	
hsa-miR-1-3p	8030	1		48	135		89	407			87	8	1				284	91	1			3	297		146		41	105	103		861	57	274	1	44	
hsa-miR-100-5p	89633	11051	1249	1969	2810	490	5507	1751	1591	716	1092	297	934	100	298	279	1493	2672	266	791	3215	2267	1736	2815	1520	4019	1812	1369	215	677	1820	231	803	1588	1244	1
hsa-miR-101-3p	13783	3407	484	966	1478	328	2401	1221	918	210	1076	492	182	113	149		260	1176	180	291	2084	3009	780	2035	713	2897	2990	1290	345	133	367	403	603	1534	2411	1
hsa-miR-10395-3p	45																																			
hsa-miR-10397-3p																			1												2					
hsa-miR-10399-3p																																		2		
hsa-miR-10399-5p		27					24																													
hsa-miR-103a-2-5p	7																													35						
hsa-miR-103a-3p	32987	5536	170	1110	1349	425	1562	1082	371	125	615	57	372	185	158		462	627	500	190	1695	1493	69	3282	486	1080	1499	1357	185	297	428	175	317	845	2639	
hsa-miR-10401-3p																					1						2							1		
hsa-miR-105-5p	118																																			
hsa-miR-10522-5p	15																																			
hsa-miR-10527-5p	18	24		15	45		33															119					82			124						
hsa-miR-106a-5p	78	67			135												1														42			41		
hsa-miR-106b-3p	629	196		66	128		81	69	90		23			2	47			360	1		134	222	1	294			112	179		90			84	132	89	
hsa-miR-106b-5p	692	114	108	52			60	51		58	20			13			127				47	194	94				74	166					15	59	289	
hsa-miR-107	1248	65	145	17	6	1	32	91		125	2		1	2	62		1	1	6		78	7		224	171	41	14	7						18	181	
hsa-miR-10a-3p		1000		204	115	170	114	291	47		148	222	86		13				135	25	725	100				612	225	226	42	22	140	127	414	394	822	
hsa-miR-10a-5p	263	837251	27894	162703	106051	28427	238897	170391	43559	38732	76622	18905	13505	6544	12491	1541	15783	87822	57066	45107	264439	36631	73597	357280	38004	290744	130027	111446	18135	39579	23800	26562	82810	181648	241013	779
hsa-miR-10b-3p		869	378	300	347		644	441	44		65		1				276	319	167	1	77	86		239		59	187	283	52	105		27	40	346	422	1
hsa-miR-10b-5p	542	961786	38068	217971	132470	27988	356864	214822	70401	52135	91843	22027	20870	8010	20441	982	31496	108327	62040	45258	231409	64520	102183	486294	52388	342005	195424	159732	19839	47070	26565	31279	75756	213771	225459	2343
hsa-miR-11401																						1														
hsa-miR-1179	46																																			
hsa-miR-1180-3p	1747	507	265	109	174		118	220	139		103		1		37			176		57	161			325	50	168	130	54				14	19	58	140	
hsa-miR-1180-5p	15	33						19																												
hsa-miR-1185-2-3p	20																																			
hsa-miR-1197	65																																			
hsa-miR-12115																				1																
hsa-miR-12125																																			36	
hsa-miR-12135	1																																			
hsa-miR-12136	177																1																			
hsa-miR-122-5p	48	32			80																											1		42		
hsa-miR-1224-3p	10																																			
hsa-miR-1224-5p	131																																			
hsa-miR-1226-3p	18						32														42			3												
hsa-miR-1228-3p	5																																			
hsa-miR-1229-3p	12						35																											13		
hsa-miR-1236-5p							44																													
hsa-miR-124-3p	73552	3			2		4						7															7						1	3	
hsa-miR-124-5p	327																																			
hsa-miR-1246		1	1																2																	
hsa-miR-1247-5p	82																																			
hsa-miR-1249-3p	727			32				15					1									96						27							21	
hsa-miR-1250-5p	70																																			
hsa-miR-1251-5p	28																					1														
hsa-miR-1255a	25																															33				
hsa-miR-125a-3p	126	304		91		115	20	75			60	63			38			268						451	85	241	116		53				65	91	44	
hsa-miR-125a-5p	108528	83023	6031	21004	26200	4704	28011	15917	11853	3738	15352	1586	3261	804	806	517	1790	12161	7952	6414	34754	19833	9064	41751	7208	20026	25527	9861	1858	4298	2878	2370	8098	24820	24602	203
hsa-miR-125b-1-3p	600						27																				17				89			25		
hsa-miR-125b-2-3p	6046	1084		215	162	111	338	332	262	63	201	109	46		35				118	73	196	129		464		241	273	55	66	117			145	151	200	
hsa-miR-125b-5p	137990	13426	747	1829	3217	507	5123	2358	1640	321	2104	662	1052	182	307	117	841	2369	1883	696	3518	3007	1220	4911	640	4714	2585	1248	373	837	355	390	1450	3560	3400	4
hsa-miR-126-3p	14134	107		59	819		17	28	289			100					73		1					64			142	3					34		159	
hsa-miR-126-5p	1615								9																											
hsa-miR-1260a	230	1112	83	176	571	81	321	154	180		108	24		39		1	87	286	1	97	716	442	3	576	213	202	434	169		6		23	27	232	353	8
hsa-miR-1260b	231	809	161	136	550	81	241	131	120		107	24		26		1	184	245		97	617	518	2	840	160	256	514	168	1	6		23	27	120	206	
hsa-miR-1261	12												1																							
hsa-miR-1262					16																															
hsa-miR-1266-5p																					130															
hsa-miR-1267	7																																			
hsa-miR-1269a			110		34		78				7				102			1			97			127	150		85		33							
hsa-miR-1269b					1		1																		1											
hsa-miR-127-3p	7208			42									2						1								103									
hsa-miR-127-5p	220																																			
hsa-miR-1270	70			1	115		53																		78										19	
hsa-miR-1271-5p	312				58		24														79													57		
hsa-miR-1273c							20																													
hsa-miR-1275	17	3						11																												
hsa-miR-1276	12																																			
hsa-miR-1278	11																																			
hsa-miR-128-1-5p	286																										24									
hsa-miR-128-2-5p	72																																			
hsa-miR-128-3p	331610	3495	530	698	585	60	1657	609	344	227	396	5	201	1	40		2	494	526	246	1194	227	372	596	185	367	646	527		1	87	211	279	394	764	2
hsa-miR-1284	20	12						1																		113										
hsa-miR-1287-5p	20																																			
hsa-miR-1288-3p	19																																			
hsa-miR-129-1-3p	675																																	1		
hsa-miR-129-2-3p	427																																			
hsa-miR-129-5p	19266	26			31								2					39						331			112	1				20	22	21	1	
hsa-miR-1290								1													1	1														
hsa-miR-1292-5p	155																																			
hsa-miR-1293																							1													
hsa-miR-1294																																		34		
hsa-miR-1296-5p	215																										22				1				19	
hsa-miR-1298-3p	39																																			
hsa-miR-1301-3p	3995	261		214	33		126	47			120							80	1			80	1	169		145	129	81					25	178	4	
hsa-miR-1303					41																															
hsa-miR-1304-3p	31	26	107		48		18																	60										1		
hsa-miR-1304-5p	45																																			
hsa-miR-1306-3p	91	46							9															155		61									40	
hsa-miR-1306-5p	148	55		51	17		22	22																											8	
hsa-miR-1307-3p	183	268		55	37	79	186	30					80		7			275		138			298	59			90	126				22		36	85	
hsa-miR-1307-5p	85	96																			1			337				55								
hsa-miR-130a-3p	111	49		15				24														101		107		37								28	206	
hsa-miR-130b-3p	40	1																																1		
hsa-miR-130b-5p	551	264	124	139	32		92	31	44	75	182	52		58			23	52	105		263	377				138	84	202		54		40		179	80	
hsa-miR-132-3p	14024	124		10	2		17						1		54						52						9	296	44			1	33		129	
hsa-miR-132-5p	2813																																			
hsa-miR-133a-3p	171			26																												17				
hsa-miR-133b	1																																			
hsa-miR-134-5p	686																											1								
hsa-miR-1343-3p	97																																			
hsa-miR-1343-5p											70																									
hsa-miR-135a-2-3p	137	735		42	258		44	79	190		95						323				59	494	333	78	119		89	141		9		53				
hsa-miR-135a-5p	1962	377	147	56	180		118	3	72	247	110	29	114		25			55			249		239	3	155	121	88	131		3			1	1	98	1
hsa-miR-135b-5p	117	472	2	162	293		88	279	96	2	621	139	5	1	205						710		2	479	1	380	497	307		388		73	363	452	2986	
hsa-miR-136-3p	937	1																																		
hsa-miR-136-5p	138																																			
hsa-miR-137-3p	1264																																			
hsa-miR-137-5p	44																																			
hsa-miR-138-1-3p	18																																			
hsa-miR-138-2-3p	166			20							37																									
hsa-miR-138-5p	657			16																													3			
hsa-miR-139-3p	1811																																			
hsa-miR-139-5p	13336	18		14	1								1														38	3								
hsa-miR-140-3p	8566	2317	29	376	329		1598	333	169	72	448		2		70		211	377		218	696	509	161	1277	67	609	472	202	22	136		130	170	385	390	
hsa-miR-140-5p	569	18	74				75	83				48							56		54					233	110	1						109		
hsa-miR-141-3p		1487	161	440	1017	231	744	728	265	2	201	359	437	400	393		714	125	171		2219	196	38	1576	493	1215	914	1389	76	314	146	40	412	858	2635	
hsa-miR-141-5p								29																											32	
hsa-miR-142-3p	40															1										115		110								
hsa-miR-142-5p	220								38																			379							69	
hsa-miR-143-3p	86762	83	100	366	610			33	910				18	101			147	724				533	212				548	1888						102		
hsa-miR-143-5p	9																																			
hsa-miR-144-3p	80																																			
hsa-miR-144-5p	163												1																							
hsa-miR-145-3p	1418																																			
hsa-miR-145-5p	1814																164											71								
hsa-miR-1468-5p	68	89		64	103		106			101	48							50			197			78			23							37		
hsa-miR-1469																	1																1			
hsa-miR-146a-5p	1371	135	96	316	194	100	166	190	259			51	236	489			267	436			253	898		312	200	265	166	3695				14	25	141	1652	
hsa-miR-146b-3p	106		1	16																65																
hsa-miR-146b-5p	13638	2377	545	607	1002		1617	228	701		264	325	212		111		2	889	2	381	618	757	250	1103	92	607	490	879	23	31	221	103	146	843	922	
hsa-miR-148a-3p	945	8557	151	1774	3797	663	2694	1964	837	94	1118	726	199	23	301		314	530	815	37	2713	1047	313	3961	69	2809	2090	1148	183	655	397	311	788	1415	2352	1
hsa-miR-148a-5p		134																				170													25	
hsa-miR-148b-3p	2336	1008	82	263	233	64	146	182	160		1		22		23			316			429	421	155	588	191	1068	494	477		130	61	40	58	216	233	
hsa-miR-148b-5p							20																				50									
hsa-miR-149-3p	17																				59						16									
hsa-miR-149-5p	5738	508	101	88	340	87	111	19	58	118	1		1	80	81			113			185	215	128				86	48	9	56			21	34	162	
hsa-miR-150-3p	5																																			
hsa-miR-150-5p	730															1							1					66								
hsa-miR-151a-3p	16591	16788	553	3507	4331	410	5781	3262	1318	760	1656	520	825	307	522		1013	1598	289	569	4332	1551	1625	7785	1636	4132	6343	2476	318	614	335	594	1209	3190	5381	
hsa-miR-151a-5p	25451	5853	472	1391	1592	223	2233	1996	1063	285	953	449	867	142	238		170	1545	367	301	4148	636	313	3085	382	2652	2251	1293	82	354	187	263	1299	2834	4133	114
hsa-miR-151b	1416	257	4	93	242	1	170	29	3	2	111	22	134		1			13	2	56	347	8		73	4	25	132	200		5		4	58	176	180	1
hsa-miR-152-3p	1066	568	1	107	47	86	156	73	108						30			85	1		65	454	273	341		459	332			125		28	58	154	64	
hsa-miR-153-3p	256																																			
hsa-miR-1537-3p																							3													
hsa-miR-154-3p	76																																			
hsa-miR-154-5p	52																																			
hsa-miR-155-5p	530	173		80			1		91												1	80					61	148								
hsa-miR-15a-5p	699	83		50							42							2			142	47		39		175	58		19					18	109	
hsa-miR-15b-3p	81	50					42								17						43			50				1							42	
hsa-miR-15b-5p	870	312		18	101		137	209							44			392	1		540			17			51	28		11		15	146	127	216	
hsa-miR-16-2-3p	275	231		90	15		176	29			188							53			136			296			82	72		16		27	73	42	193	
hsa-miR-16-5p	11992	1039		443	739	255	383	533	231	190	357	119	354	102	325		371	928	439	120	704	108		1024	240	937	447	476		74	76		192	1066	2483	
hsa-miR-17-3p	43																																			
hsa-miR-17-5p	333	82		10	1		45			1	9						1	219			64			521							113		7			
hsa-miR-181a-2-3p	1532	1105		281	239	49	416	120	106		25	128			33				1		445			30	30	197	626			143	119	43	46	282	650	
hsa-miR-181a-3p	456						16	22					33											163		108										
hsa-miR-181a-5p	61109	2264	62	377	1168	136	775	706	399		334	94	341	81	127		240	527	134	50	1480	1335	295	1741	438	745	1143	1759	89	262	138	121	193	349	1213	
hsa-miR-181b-3p	9																																			
hsa-miR-181b-5p	21813	672	58	391	206		168	136	49	34	71		62		59		75	128	49	22	518	123	144	504	33	408	224	192	17	232	81	26	108	141	958	
hsa-miR-181c-3p	121										36																									
hsa-miR-181c-5p	361											31															26	44						16		
hsa-miR-181d-3p	4																																			
hsa-miR-181d-5p	767	1	1	1			63		1						32		1				3			151		4	24	74		1	1				31	
hsa-miR-182-5p	761	30962	1290	6300	5824	1224	6552	4904	1991	1764	4605	521	1433	681	1789	1	788	2987	3455	2124	9350	3608	3059	16389	2300	9472	9011	11108	853	3035	516	592	4412	9923	18017	5
hsa-miR-1827	2	1	1		2		2													3	1			2									1			
hsa-miR-183-3p																																			50	
hsa-miR-183-5p	395	14665	458	3396	2492	993	3311	3314	1183	1848	2311	148	903	508	1155	215	528	1656	1380	899	5582	2532	1795	11474	363	8435	5916	7299	318	2120		336	2260	6032	11271	3
hsa-miR-184	197			53	57		1059	941	60		130	1091		32				1188	142		197	145			161	889	49	1738		60	55	18	381	56	408	
hsa-miR-1843	310	52											2															147							90	
hsa-miR-185-3p	54																																			
hsa-miR-185-5p	2808	645		194	116		412	118			149	87	1					162	1		405	383	125	370		443	159	84	48				53	115	76	
hsa-miR-186-5p	2942	2248	172	308	611	360	1106	505	412		358	123	316	90	190	160	168	750	158	43	804	193	604	1091	54	572	1022	1101	103	102	161	121	236	454	1789	
hsa-miR-187-3p	19	33			16																			56									30	1	19	
hsa-miR-187-5p	11	19																															50			
hsa-miR-188-5p															13																					
hsa-miR-18a-3p																												74								
hsa-miR-18a-5p	32																																			
hsa-miR-1908-5p	44																											1								
hsa-miR-190a-5p	166	34			28			53	65									208			147		1				38				248		42		167	
hsa-miR-190b-5p		77									1													308												
hsa-miR-191-3p	74																			73				85	22		14	47						25	24	
hsa-miR-191-5p	31658	17104	1412	3149	4495	1315	6144	3519	1881	1176	2754	859	457	675	636	61	759	2239	1130	549	7753	1262	1768	8696	1658	6011	5369	6367	575	1111	662	496	2195	5609	13336	43
hsa-miR-1910-5p	7																																			
hsa-miR-1911-5p	30																																			
hsa-miR-1912-3p	67																																			
hsa-miR-1913																										79										
hsa-miR-1915-3p				2																								1								
hsa-miR-192-5p	492	4910	894	1294	2057	163	4445	167	1941	166	1157	93	332	52	304		1435	2874	1	828	1577	7750	1356	771	1335	1488	2676	1791	396	285		43	93	1196	834	3
hsa-miR-193a-5p	272	1620		419	271		395	154	149		154		66	24			130	154	134		728			344	32	245	280	271			23	79	87	217	544	
hsa-miR-193b-3p	13	52					9						59					129			21		1	261			31	110			92				28	
hsa-miR-193b-5p	57	185		85			38														95						104	90		3				107	77	
hsa-miR-194-3p	28	71		68	152		116		86		55											261				96							32	46		
hsa-miR-194-5p	207	2416	464	704	1711		3429	111	856	225	631	177	882	128	259		685	1055	193	257	809	4392	414	934	963	2021	1247	814	84	494	72	91	11	976	320	1
hsa-miR-195-3p	31	35							60																		47									
hsa-miR-195-5p	2214	117			79			39	40				1		33				1									1						29	1	
hsa-miR-196a-1-3p																								77		49										
hsa-miR-196a-3p							19		74																											
hsa-miR-196a-5p		3141		887	2323	1	2380	258	730	1	371	242	146	55	98		215	320	2	226	839	1398	156	1498	873	1222	744	942	59	85	206		45	1258	607	
hsa-miR-196b-5p	13	439		311	520		482	132	303	65		1		101			264	291	1	392	173	3	24	600		89	143	111	1				25	86	197	
hsa-miR-197-3p	2690	760		57	218		218	162	75	61	100	61	78	37	40			146		134	129	221	1	148	192	215	136	303		71			11	61	206	
hsa-miR-199a-3p	735	38		8					28	155				32																					1	
hsa-miR-199a-5p	48																																			
hsa-miR-199b-3p	677	38		8					28	155				32																					1	
hsa-miR-199b-5p	11																																			
hsa-miR-19a-3p	111	2						34											88														22		1	
hsa-miR-19b-3p	70	126		42				62							27				1						1	151							97		23	
hsa-miR-200a-3p	7	8683	376	1908	2843	1135	4288	2671	832	752	1660	460	281	223	933		534	1080	598		5541	1933	539	3922	951	2851	3502	3850	156	499	362	267	1711	2363	6886	1
hsa-miR-200a-5p	8	500		118	277		172	122	81		120	44	59	1	41						343	155		325		393	351	357	22	95			186	197	376	
hsa-miR-200b-3p	125	52442	2254	11164	9157	2720	16443	13492	3247	2085	5346	833	1156	1787	2205	1	1598	6522	3144	3621	17720	4946	5553	26814	3065	15747	15710	9223	975	4752	838	1817	5492	10622	22238	5
hsa-miR-200b-5p		2698	663	666	888		852	1063	380		408	159	125	121	24		141	271	275	201	882	224	472	2469	376	1143	965	692	118	267	75	44	302	701	1666	
hsa-miR-200c-3p	81	31551	410	7186	9593	3111	9159	11813	1449	1795	3953	784	1353	1659	1430	2	1026	3886	2809	1622	17256	3213	2684	20338	2380	11662	10783	12243	1080	2901	1817	1137	5247	8884	24289	81
hsa-miR-203a-3p	1032	9105	4210	19218	6756	970	3598	9553	1605	219	1159	1279	4640	2469	1780	112	5497	2407	2810	1223	10971	3578	3387	91522	2698	14972	13028	8717	1116	6396	1472	451	2870	2726	50461	256
hsa-miR-203a-5p				18																																
hsa-miR-203b-3p	135	136					53	55													125														1	
hsa-miR-204-3p	10	526		337	85		368		63		64	25			32		92	146	2		148				192	137	241	167	34					211	199	
hsa-miR-204-5p	4571	49465	4369	13208	16469	2256	21534	8676	9882	2869	8675	1347	1221	446	1504	612	5488	13478	6872	6215	13773	13914	4769	34407	6565	15154	24116	5528	1232	3323	1212	1256	1878	17903	14327	526
hsa-miR-205-5p		277	78	851	684	171	464	1349	77		107	41	96	84	332		547		248		1040	642	1	4867	191	798	570	691	16	332		1	441	188	2101	
hsa-miR-206		84		5			70		154			4										1		81				1				5	22	112	1	
hsa-miR-208a-3p													1																							
hsa-miR-20a-3p		71																																		
hsa-miR-20a-5p	365	72			64		46	54		398					1		128	74						170		61								160	212	
hsa-miR-20b-5p	47	69						61																2											71	
hsa-miR-21-3p		39	100				37	86			131			51	33									45				195			101				157	
hsa-miR-21-5p	18013	40253	8967	12909	16952	4391	27768	25929	10452	2319	13094	2989	5017	12735	7165	425	10114	15118	3833	2658	38213	37385	6473	37590	5669	24115	16718	101424	4026	4705	2076	2601	7922	21848	160578	301
hsa-miR-210-3p	7	63		96																	49						22									
hsa-miR-210-5p													24																13							
hsa-miR-211-5p	17	49	3	4	47		9	4	5	109	7	2			1	1	1	3	5	3	4	5	3	12	1	6	58			4		2	2	13	15	1
hsa-miR-2110	179	202		63	183	26	53	76	83									47			113			136		61	65	98		30					142	
hsa-miR-2113	32																																			
hsa-miR-2115-3p	14	20																																		
hsa-miR-2115-5p								14																												
hsa-miR-2116-3p		78		13			20				19																18		1	25						
hsa-miR-2116-5p	26																																			
hsa-miR-212-3p	257																				1															
hsa-miR-212-5p	1218	35																																		
hsa-miR-214-3p	53																																			
hsa-miR-215-5p	3	18	2	6	5		20		96		4		43				3	13		2	5	20	6	3	4	184	8	1	1					8	33	
hsa-miR-216a-5p																																		41		
hsa-miR-216b-5p		40																				92														
hsa-miR-217-5p	16				38																													27		
hsa-miR-218-1-3p																						268														
hsa-miR-218-2-3p																						2														
hsa-miR-218-5p	11181	256		124	98	166	166	18	148	1	63	49	2					314		258		376		411	78	612	276	240				17	63	200	38	
hsa-miR-219a-1-3p	17																																			
hsa-miR-219a-2-3p	76768	3			2	1							3	1			2								1		2	2							1	115
hsa-miR-219a-5p	103																																			
hsa-miR-22-3p	3200	4294	488	1184	3040	281	2274	1640	2242	142	2090	333	1673	348	580		1213	927	408	389	3279	3124	210	3438	1412	2475	4082	3891	463	314	426	104	552	3001	6284	235
hsa-miR-22-5p	453	165		28	74		158	32			125	70										261		123		60	36					16	45	63	289	
hsa-miR-221-3p	9196	3267	251	1612	615		2717	844	136	419	1062	114	566	96	173			201	1	86	1004	676	491	1771	866	2887	589	1091	63	186	73	70	1140	1036	1828	
hsa-miR-221-5p	775	77		74			84	5	214		63						135				126	109					23	50	21						106	
hsa-miR-222-3p	9768	10732	339	3014	1480	748	4492	1513	434	449	1710	282	264	226	174	1	196	1373	578	479	2004	738	426	1711	753	2886	811	1680	299	683	160	412	2648	3300	2229	
hsa-miR-222-5p		38					46				59																35					17	17			
hsa-miR-223-3p	1030	53	207	130				159	242		1	1	311	427	50		1005	1060			61	18	150	164		63	50	2066						71	78	
hsa-miR-223-5p	18																											42								
hsa-miR-224-3p		32																																		
hsa-miR-224-5p	55	502	2	689	157	256	448	599	40	147	1			217			683	432		16	457	118	232	1530	72	163	303	873	130	60		91	110	70	1636	
hsa-miR-2276-3p		36																																		
hsa-miR-2277-5p	33																																			
hsa-miR-2355-3p	52																																			
hsa-miR-23a-3p	6252	6753	673	1904	1992	384	2517	2890	1198	885	1136	646	801	287	643		1125	802	769	1331	2922	1650	374	7035	266	3147	3058	3188	85	800	617	314	1192	2259	6789	
hsa-miR-23a-5p		41			34		113							46						70		152		306				97						72	16	
hsa-miR-23b-3p	23944	10600	745	2913	4964	820	5496	2941	3247	718	1793	323	576	283	782		1455	3729	647	511	3086	2845	947	7817	1043	5119	2957	3019	328	774	296	116	1208	2476	3760	
hsa-miR-23b-5p	234	248		4	42		20	55					38																				20	18	13	
hsa-miR-23c	66	16		6	9		14	8	4	1	4	2		2	1			7	3	3	4	3		19	1	11	8	5		1	1	1	2	2	13	
hsa-miR-24-1-5p	123	34	100	50			49																												54	
hsa-miR-24-2-5p	34	53		7			37																										46		63	
hsa-miR-24-3p	11058	3061	296	1365	3494	748	1590	1029	2298	1	1179	222	1595	359	619		420	1242	104	469	2298	1731	139	4103	965	1857	2617	3016	281	316	287	52	639	2453	5030	
hsa-miR-2467-3p	12																																			
hsa-miR-25-3p	4181	3205	6	500	805	463	1323	521	987	189	206	128	55	91	123			563	313	290	383	304	522	1181	228	978	1899	1330	142	328	80	42	325	583	1699	1
hsa-miR-25-5p	7		176				18																				30							47		
hsa-miR-2682-5p	87																																			
hsa-miR-26a-1-3p		33																			39															
hsa-miR-26a-2-3p	113	36		28	21		22												98		68						55						15	18	51	
hsa-miR-26a-5p	349864	184546	11122	38999	53725	10968	65064	45561	20719	11715	23612	7254	6601	2964	7158	464	12414	31531	14923	11739	70474	26191	16613	90180	15506	61546	47775	40979	5530	17428	4758	4703	25450	58270	85660	431
hsa-miR-26b-3p	43	74					23		1																	81								7		
hsa-miR-26b-5p	34767	42526	1561	7035	13316	2608	9776	9196	4940	3499	3499	994	916	1093	1970	154	2283	6186	1646	717	13388	5861	1944	22337	2325	12493	10774	6374	1302	5299	1514	1051	4029	10525	15906	103
hsa-miR-27a-3p	2511	974	127	237	931	133	648	634	555	250	383	260	462	67	232		217	483	290	6	938	489	179	1877	116	1039	628	1698	124	59	4	13	266	710	2366	166
hsa-miR-27a-5p		146		32			20						11															202							46	
hsa-miR-27b-3p	54013	15597	2759	3870	9716	2192	10249	4979	5264	1543	3484	1404	1380	617	910	149	4164	4078	843	1472	5596	6995	2667	13877	2897	9869	5063	6999	452	1336	819	650	2059	5155	9650	168
hsa-miR-27b-5p	175	106	167	117			57		1										1			125			68		116					5	48	89	144	80
hsa-miR-28-3p	2772	8923	271	1735	1532	191	4155	1698	897	449	553	358	598	80	206		217	1303	195	447	2880	730	884	3871	560	2466	2791	2329	79	269	285	277	795	1823	2043	1
hsa-miR-28-5p	961	984	75	122	297		548	175	277		79	82	1	40	75			234	125		621	559		386		562	328	346	45				187	392	254	
hsa-miR-296-3p	1	15					22																				15								1	
hsa-miR-296-5p																											39									
hsa-miR-299-3p	36																																			
hsa-miR-299-5p	119																																			
hsa-miR-29a-3p	21979	3323	583	396	899	320	1435	1407	715	246	599	222	441	70	191		218	279	216		1753	1540	746	2113	627	1762	1310	573	142	499	404	57	681	1706	3570	
hsa-miR-29a-5p	15																																	18		
hsa-miR-29b-1-5p	123				75		85								31											171	14			38				9	28	
hsa-miR-29b-2-5p	427	47		37				66																50			13						29	19		
hsa-miR-29b-3p	2560	566	95	43	400		54	327	211		18		245	28	65		487	55			728			749	58	480	315	474	29	1	94	11	34	305	875	
hsa-miR-29c-3p	1451	301	1	56	507	1	193	272	22		183	43	70	21	39		429	144	1		360	5	1	655	3	228	508	415	28	267			186	475	771	
hsa-miR-29c-5p	120	157			70									9							35	172					41								30	
hsa-miR-301a-3p		56																																		
hsa-miR-301a-5p	20																																			
hsa-miR-302a-5p	24	27																																		
hsa-miR-3059-5p	105																																			
hsa-miR-3064-5p	39																																			
hsa-miR-3065-3p	40																											74		66	60	74	40		70	
hsa-miR-3065-5p	46	34																										125						39		
hsa-miR-3074-5p		24																																		
hsa-miR-30a-3p	4244	69717	3864	17392	20716	3463	28906	14350	11839	3470	8971	1741	2317	724	2934	508	4430	11381	4727	3194	18489	9533	5216	30240	4816	23331	25499	9789	1974	5046	1409	2440	5852	13256	14194	8
hsa-miR-30a-5p	121413	592549	56231	134004	185606	24627	277040	227439	104316	38407	88988	31399	40189	9697	19610	2197	66439	122229	50652	43900	196241	120574	97981	387854	59446	308676	205383	152133	25882	53639	28020	20056	65746	240435	378652	3878
hsa-miR-30b-3p	17	35		82			85								22			59						163										56		
hsa-miR-30b-5p	2095	13124	500	2027	2985	873	7229	1796	1244	1627	2359	263	877	149	2669		247	1493	670	755	2623	1288	1747	5267	1574	4770	2760	1352	364	674	195	312	2382	4441	2389	4
hsa-miR-30c-1-3p	43	47			110						61																							2		
hsa-miR-30c-2-3p	259	2265		574	765		916	570	419	44	655	136	122		81		124	325	250	381	1041	364	1	921	125	644	1442	210	66	319	134	94	270	781	1255	
hsa-miR-30c-5p	22542	189266	5956	36475	23852	7409	79651	18619	10828	6716	21296	2805	4363	832	7849	131	1304	18845	6659	13623	34326	15929	10882	32975	8971	36809	25581	12230	2105	7884	3743	5286	17516	36635	26217	1110
hsa-miR-30d-3p	3	82	1	13	52	7	44	9	9		100			1	1		6	5	1	120	9	5	3	19	2	85	6	37	1	6		2	3	9	27	
hsa-miR-30d-5p	189615	286925	16922	65132	53491	13117	139587	64870	24460	14717	33975	10963	15499	4255	6223	855	13362	35445	19945	17945	65349	33603	25437	146190	19241	126749	62643	50349	5201	14468	5203	8696	36184	83765	62093	842
hsa-miR-30e-3p	2890	8808	292	1581	2189	292	3417	1591	770	16	906	288	353	29	520	1	269	524	1216	258	1534	1401	683	3770	1188	2184	3186	983	192	939	246	95	787	1911	978	1
hsa-miR-30e-5p	9463	20924	1596	4764	6417	493	13239	7157	2446	1322	3370	1225	2992	626	1439	6	1426	3191	2003	3032	9003	6085	1350	12054	2094	15575	6125	6130	1019	1650	563	582	3981	12397	13951	17
hsa-miR-31-5p	444	852		462	394	1	525	578	174	1	488		266	91	283		150	95	289	102	1739	243	217	1612	70	965	652	968	28	118	51	122	363	1137	2254	
hsa-miR-3120-3p	16																																			
hsa-miR-3125	50																																		1	
hsa-miR-3127-3p							16																													
hsa-miR-3127-5p																																			65	
hsa-miR-3128																								323												
hsa-miR-3129-3p							16																					87								
hsa-miR-3138		50																																		
hsa-miR-3140-3p							33																													
hsa-miR-3144-3p																											19					34				
hsa-miR-3144-5p		68									63								1							148										
hsa-miR-3145-5p																											36	47								
hsa-miR-3148							10																													
hsa-miR-3149																								128											53	
hsa-miR-3150a-5p	14																																			
hsa-miR-3150b-5p								65											74																	
hsa-miR-3152-5p		45																																		
hsa-miR-3158-3p																					91						31									
hsa-miR-3168											1																									
hsa-miR-3170			1																						1											
hsa-miR-3173-5p	136	9		59				92					43								74			41			37		1	44			12	34	20	
hsa-miR-3177-3p	69	55																				90												65		
hsa-miR-3178		20																														5				
hsa-miR-3179	42																																			
hsa-miR-3183			1																																	
hsa-miR-3187-3p	27																																			
hsa-miR-3192-5p																												133								
hsa-miR-32-3p	91			75														91			64			122	94										45	
hsa-miR-32-5p	87	28		24					31					42							36			163				126	9				56		57	
hsa-miR-3200-3p	288			14																																
hsa-miR-3200-5p	21																																			
hsa-miR-320a-3p	19561	28502	1954	7481	7838	1413	9897	7072	3007	832	4800	704	1145	351	569	1	983	4427	1629	2513	9054	5253	2362	13450	2416	6755	4973	7979	572	1605	1105	1346	3785	4214	7282	661
hsa-miR-320a-5p																																		10		
hsa-miR-320b	1049	1557	127	578	452	4	726	573	150	79	369	1	277	25	1		2	678	5	4	695	404	247	1016	7	185	187	493	98	199	439	133	218	272	620	
hsa-miR-320c	619	1157	123	396	157	82	513	507	32	1	209		118	26			1	394	2		287	222	243	983	2	170	199	369	54	26	242	82	85	200	470	
hsa-miR-320d	343	476	114	112	158	2	5	31	60	170	65		1					68			95	1	232	206	2	2	55	118			27		99	85	91	
hsa-miR-320e	30	9	1	4	1			1	1		1	2	1				1	2		1	3	1	4	8	1	2	34	6		2	1		6	1	2	
hsa-miR-323a-3p	12072	28													18			419								32		1						1		
hsa-miR-323a-5p	80																																			
hsa-miR-323b-3p	1139												1					4										1						30		
hsa-miR-324-3p	264	57	1	9	142		44	92	3		73	50			66		36	65			87					156			5	52		15	32	41	141	
hsa-miR-324-5p	166						61					53																								
hsa-miR-326	158					14		9																												
hsa-miR-328-3p	3803	318		34	52		239	66			141								1		37		81	137	107	57	81	56		102			18	153	62	
hsa-miR-329-3p	8849																											1						42		
hsa-miR-329-5p	155			1																	8															
hsa-miR-330-3p	6123	186		39				43													51						43						29		6	
hsa-miR-330-5p	438																																			
hsa-miR-331-3p	699	251			4		45				1				13						4			274			114	215					26		447	
hsa-miR-331-5p	69	50		54																													5		45	
hsa-miR-335-3p	1892	594		66	51		282	26	120	1	55			31	16			71	2	77		226		217		115	153	27				40		332	30	
hsa-miR-335-5p	3436	806	223	95	379		861	352			1		162		341		1				429	186		579	164	529	593	671		26		27	86	795	492	1
hsa-miR-337-3p	101																																			
hsa-miR-338-3p	2398	16											1														24								24	
hsa-miR-338-5p	11948	90			1		49	34					1		1			78									1	1					48		25	
hsa-miR-339-3p	237	135		25			23	139	49		78							52	83	69	91			166	177	236	114	37	1				16	103	258	
hsa-miR-339-5p	98	298		58		170	157	119	88		55				22				37		107	208		91	277	101	87			252			1	41	53	
hsa-miR-33a-5p	34							26																												
hsa-miR-33b-3p	17																																			
hsa-miR-33b-5p	15																																			
hsa-miR-340-3p	3996	303		22	237	178	100	96	80		106										73			103		117	123	1					114	203	38	
hsa-miR-340-5p	10816	713		69	53		166	207	223		152		77		133			104		211	355	150	234	557		412	46	73	1			28	69	232	342	
hsa-miR-342-3p	8461	1385	497	793	825	254	853	60	155	170	76	1	60	37	149		67	328	226	182	359	146	425	790	437	236	383	81	257	48		42	153	310	318	
hsa-miR-342-5p	50	141		43									189				102				92														25	
hsa-miR-345-5p	209	325	142	19	210		92	107	86		187	197	47		30		252				226			138		232	282	78			119	33	1	118	428	
hsa-miR-346	1352																																			
hsa-miR-34a-3p															23													110								
hsa-miR-34a-5p	641	125											81					154			55						24							34	47	
hsa-miR-34b-3p	63																							148												
hsa-miR-34c-3p	31			5																																
hsa-miR-34c-5p	79																																			
hsa-miR-3529-5p	76																																			
hsa-miR-3605-3p	329	224		16		92	25	35			12									30	280		166	29	131	44	37	78					54	108	43	1
hsa-miR-3605-5p	21																																15			
hsa-miR-361-3p	2622	1027		173	400	13	486	261	147	67	51		37					544		93	324			192	106	580	395	162		133		34	149	417	227	
hsa-miR-361-5p	2842	867		143	192	180	277	180	34	205	23		63	39	48	75		89		194	463	306	68	576		207	232	277	25	158	140	44	228	483	774	
hsa-miR-3613-3p																																			18	
hsa-miR-3613-5p	875	93		109	97		158	68	1		106	87							109		36			33	67	181	95	179	48					50	507	1
hsa-miR-3615	216	118			13		119		41								89				35			326			32						11			1
hsa-miR-362-3p	44	32			48						38								1		37			197			43							75	44	
hsa-miR-362-5p	272	488		44	118		198	381			41		320		15			78			196	1		470	60	304	46			20		68	142	448	361	
hsa-miR-3622a-3p	5																																			
hsa-miR-3622a-5p	50	16					11						1																					22	55	
hsa-miR-363-3p	896	1112	94	310	323		435	334	264	164	251		1		8			163					97	712		586	328	285	1				31	273	380	184
hsa-miR-363-5p		41																																		
hsa-miR-3648	4																																			
hsa-miR-365a-3p	947	273						5			49				42						63			232		184	89	1		142		13	49		300	
hsa-miR-365a-5p		167		16	41			14			56																23					28			15	
hsa-miR-365b-3p	947	273						5			49				42						63			232		184	89	1		142		13	49		300	
hsa-miR-365b-5p	13	79		15	12																52					120		65							56	
hsa-miR-3663-3p																													3							
hsa-miR-3675-3p																												1								
hsa-miR-3679-5p																					18							1								
hsa-miR-369-3p	6383																							113				1								
hsa-miR-369-5p	471																																			
hsa-miR-3691-5p	8																																			
hsa-miR-370-3p	2048				35				53				2																							
hsa-miR-370-5p	11																																			
hsa-miR-371a-5p		33																																		
hsa-miR-374a-3p	467	117		53	65	130	100	105	76			235	1		62			69			167					259	84	116					19	185	161	
hsa-miR-374a-5p	752	491		53	327	108	110	53	1		110			2	25		193				3	117		305		98	202	209		1			41	197	236	
hsa-miR-374b-3p	255	29									59													1				60							30	
hsa-miR-374b-5p	2960	579		160	314		271	190	153	273			1		62		1	86			181			306	60	203	236	81	19	164			118	253	246	
hsa-miR-374c-3p	11																																			
hsa-miR-374c-5p	62	32		1			25														1			1		1	2							25	1	
hsa-miR-375-3p	468	60958	353	4596	9750	5507	945	1027	194	91	234	34	536	480	420		548	534	151	2	736	292	601	7513	547	1842	471	2039	481	619	501	147	446	627	5155	425
hsa-miR-375-5p												1																								
hsa-miR-376a-2-5p	10																																			
hsa-miR-376a-3p	312																																			
hsa-miR-376a-5p	22																																			
hsa-miR-376b-3p	12																																			
hsa-miR-376c-3p	298																																			
hsa-miR-377-3p	23																										8									
hsa-miR-377-5p	94																																			
hsa-miR-378a-3p	896	851		305	439		396	197	158	71		2	1		46			248		1	485	818		778	269	130	660	604		127	96	34	72	97	224	
hsa-miR-378a-5p	19				45		38				43										25						33									
hsa-miR-378b					1																	1					2									
hsa-miR-378c	12	2			1				3									42												1			3			
hsa-miR-378d	1	40			1		1	1										42						2	1		1	1			1					
hsa-miR-378g		1		1			1																	2		1									1	
hsa-miR-378i	9	12		3	1		4	2										2			4	9		7	1		2	13		1	1		1	1		
hsa-miR-379-3p	101																																			
hsa-miR-379-5p	11572	17		12									3				1	171									1							89		
hsa-miR-380-3p	304																																			
hsa-miR-380-5p	63																																			
hsa-miR-381-3p	161																																			
hsa-miR-382-3p	2594																													47						
hsa-miR-382-5p	4499			10	66		27																	1											45	
hsa-miR-383-3p	12																																			
hsa-miR-383-5p	803																																			
hsa-miR-3909	56						1															58	208												23	
hsa-miR-3913-5p														1																					79	
hsa-miR-3925-5p																	1																			
hsa-miR-3926																				1																
hsa-miR-3928-3p		15																																		
hsa-miR-3936		40																																		
hsa-miR-3937	36																																			
hsa-miR-3940-3p	11			30																																
hsa-miR-3940-5p														19																						
hsa-miR-3942-5p										1																										
hsa-miR-3943	17																																			
hsa-miR-3960							1		32							1																31			24	50
hsa-miR-409-3p	6501		43	84		105							1							347							21	1							35	
hsa-miR-409-5p	659																																			77
hsa-miR-410-3p	349																																			
hsa-miR-411-3p	359											1																								
hsa-miR-411-5p	2719			56	1						1																									
hsa-miR-412-5p	509																																			
hsa-miR-421	1407	87		33	27		36	30			82				1									104			20								35	
hsa-miR-423-3p	9538	7487	804	2026	3095	23	3079	2362	1113	193	1161	68	726	265	164	63	220	811	1267	956	3560	2162	710	4829	869	4654	2619	2519	238	862		124	1186	2363	3704	33
hsa-miR-423-5p	9608	22075	2007	6272	8483	892	9245	3706	3262	508	4039	1303	1613	717	356	257	662	3801	1730	1939	9532	4970	1452	15454	1794	9044	7608	5362	600	678	1098	980	2648	6968	7941	1
hsa-miR-424-3p	251	758		417	93		429	15	144	123	304	75	1	48	40			35		68	178			1263	312	98	134	194		55	90	21	15	115	45	
hsa-miR-424-5p	35	163		52	15	86	147				40				18						83					160	69						26		79	
hsa-miR-425-3p	154	55		35			16				1										78			38			20	34							83	
hsa-miR-425-5p	2462	866		141	637		268	333	50	99	255				26	1		185	1		300	331	371	532	155	398	671	319	121				83	366	862	
hsa-miR-4286							33		21																	1										
hsa-miR-429	1	3465	473	717	1340	161	1315	1062	219	164	204	69	374	53	317		322	253	281	149	1909	498	263	2519	70	1686	2034	879	104	410	229	127	528	1460	4069	
hsa-miR-431-3p	106																																			
hsa-miR-431-5p	193																																			
hsa-miR-432-5p	3646			73																		50		186												
hsa-miR-4324	13	22					16	19											2																	
hsa-miR-4326	28																																	21	47	
hsa-miR-433-3p	7739												3															1								
hsa-miR-433-5p	94																																			
hsa-miR-4423-5p							16																													
hsa-miR-4429	4	29		2	2		2			1	1		1					67			1			1						1				1	1	
hsa-miR-4433a-5p	15																																			
hsa-miR-4440	23																		165	35															1	
hsa-miR-4443	83	3						27																33			10						31			
hsa-miR-4446-3p	59	27						35																												
hsa-miR-4450																							8													
hsa-miR-4451																												1								
hsa-miR-4466																	47																			
hsa-miR-448	59																																			
hsa-miR-4482-5p	28																																			
hsa-miR-4485-3p	17								38																											
hsa-miR-4488							22																													
hsa-miR-4497																		2																		
hsa-miR-4498									79																											
hsa-miR-449a	12																										47									
hsa-miR-449b-5p	1																																			
hsa-miR-4500		1		1																							1	1					1			
hsa-miR-4508	4																										12									
hsa-miR-450a-2-3p	45	79		36									64														47									
hsa-miR-450a-5p	65	240	260	14	159		132														43	37					82							29	31	
hsa-miR-450b-5p	23	75		12	135		164	90	120						95						58		108	154		136	166	117		55		26	43	60	37	
hsa-miR-4510	508	1058	38	195	141	34	229	87	55	19	42	20	6	3	8	4	30	74	44	82	210	39	25	371	43	190	111	69	15	15	19	34	74	232	153	
hsa-miR-4511	7																																			
hsa-miR-4516								6																												
hsa-miR-4517	37																																			
hsa-miR-451a	9537			80	1				155												210		127					99						1		
hsa-miR-452-5p	23	67		38			26																				63							20	210	
hsa-miR-4520-3p	23																																			
hsa-miR-4525				37																																
hsa-miR-4526																	5																			
hsa-miR-4535																																4				
hsa-miR-4536-5p																											7									
hsa-miR-454-3p	822	201					81								49		128									109	32	186						45	103	
hsa-miR-454-5p	61	2																																		
hsa-miR-455-3p	156	277		140	219		139	35	221		127			1	14		234	182		44	33	149		252			165	111		64		32		51	193	
hsa-miR-455-5p	11	1					11													143	70					2										
hsa-miR-4635																																	1			
hsa-miR-4636																		391																		
hsa-miR-4638-3p	6																																			
hsa-miR-4640-3p	35	18																																	47	
hsa-miR-4645-3p		56																																		
hsa-miR-4652-5p																														1						
hsa-miR-4654																															1					
hsa-miR-4661-5p		81									75																							41	40	141
hsa-miR-4662a-5p	41	69		9					71							1					57	102												41	107	
hsa-miR-4663								1																												
hsa-miR-4666b	19																																			
hsa-miR-4667-5p	20	28																																		
hsa-miR-4675													1																							
hsa-miR-4680-3p												5																					15			
hsa-miR-4684-3p																															1					
hsa-miR-4688					49																1	1														
hsa-miR-4701-5p	11																																			
hsa-miR-4705	11																																			
hsa-miR-4709-3p																						1														
hsa-miR-4717-3p	25																																			
hsa-miR-4723-3p																																		13		
hsa-miR-4723-5p	7																																			
hsa-miR-4728-3p							19	15																												
hsa-miR-4728-5p				23																																
hsa-miR-4729																														2						
hsa-miR-4733-5p		1																																		
hsa-miR-4734																																		33		
hsa-miR-4738-3p	21									1																										
hsa-miR-4742-3p	34	35																								120										
hsa-miR-4742-5p	11																																		48	
hsa-miR-4744			1																																	
hsa-miR-4748								36																												
hsa-miR-4750-5p	32							122																												
hsa-miR-4757-5p									1																											
hsa-miR-4758-3p																																			15	
hsa-miR-4758-5p		21																																		
hsa-miR-4763-5p	10																																			
hsa-miR-4767																																				1
hsa-miR-4775																											26									
hsa-miR-4780	10																																			
hsa-miR-4781-3p		1																																		
hsa-miR-4787-3p	19																				2															
hsa-miR-4791	19																																			
hsa-miR-4795-5p	10																																			
hsa-miR-4796-3p		37						10																											43	
hsa-miR-4796-5p																																			29	
hsa-miR-4797-3p																																		29		
hsa-miR-4798-5p	31																																			
hsa-miR-4800-3p		15						15													53															
hsa-miR-4803	18																																			
hsa-miR-4804-5p		104																																		
hsa-miR-483-3p	32	20																																		
hsa-miR-483-5p	157																																2			
hsa-miR-484	831	669		146	327	24	426	151	190	77					18			160	143		151	120		212		303	129			47		13	46	17	259	
hsa-miR-485-3p	2668		68	15														103																	26	
hsa-miR-485-5p	6673			11																							45	1							1	
hsa-miR-486-3p	18																																			
hsa-miR-486-5p	5072	156		343	51		24	15	62	1		23	1	82		1	1		132		659	2	84	115		1	20	1	8	1	3	19	41	47		
hsa-miR-487a-3p	203																																			
hsa-miR-487a-5p	223																																			
hsa-miR-487b-3p	26898	3		23	25								1		1					155						29	39	1		130	194			75		
hsa-miR-487b-5p	59																																			
hsa-miR-488-3p	403																																			
hsa-miR-488-5p	77																																			
hsa-miR-489-3p		51		128	64		58																											3		
hsa-miR-490-3p	25																																			
hsa-miR-490-5p	66																																			
hsa-miR-491-3p	11																																			
hsa-miR-491-5p	11			1																																
hsa-miR-493-5p	480																			96							13									
hsa-miR-494-3p	677																																			
hsa-miR-495-3p	3737									1																										
hsa-miR-495-5p	1																																			
hsa-miR-496	55																																			
hsa-miR-497-5p	185																																			
hsa-miR-4999-5p	9																																			
hsa-miR-499a-3p																											35									
hsa-miR-499a-5p	352	59		60			49	26		1														141			9							80		
hsa-miR-5006-3p		22																																		
hsa-miR-500a-3p	531	2094		566	714	1	1164	1141	496	170	510	39	162	67	4		1	138	79	440	629	540	283	2696	1	1272	879	919	189	254		111	425	1318	832	
hsa-miR-500a-5p	43							34			45				43		125									181	30							21	113	
hsa-miR-500b-3p	10	11			1		21	3		57					1							2		6			17	1	1					4	1	3
hsa-miR-500b-5p	43							34			45						125									181	30							21	99	
hsa-miR-501-3p	1065	5327	537	1583	1532	250	1721	1647	848		465	226	168	71	176		191	903	609	7	1544	932	914	3352	471	1999	1701	910	171	321	211	308	457	1996	1199	192
hsa-miR-501-5p	15	187		18			102	23	101				53								69			65	88		37	74					12	156		
hsa-miR-5010-3p	157			9			15																													
hsa-miR-5010-5p		79																																	69	
hsa-miR-502-3p	574	1696	31	409	273		764	256	108	9	329	1	11	123	111			1	2	4	491	282	243	989	59	585	404	281	58	157	79	5	192	464	482	
hsa-miR-502-5p				32				14							17																					
hsa-miR-503-5p	127	53		28	12		44	28	66	77											68						38	102						78		
hsa-miR-504-5p	2211	24					79	17	1													223					1						17			
hsa-miR-505-3p	477	719	109	156	105		246	380	195	38	139			46	24	1	165	181	272	156	135	236	19	203	25		378	62		186	48	41	47	320	435	95
hsa-miR-505-5p	57	11																																		
hsa-miR-506-3p									23																		73									
hsa-miR-508-3p	47			18			92				15				10												29	81		25					106	
hsa-miR-508-5p	20						32	39																			28	24						15		
hsa-miR-509-3-5p							32																				34									
hsa-miR-509-3p	22	23		21			134		134													71		148		124	33							81		
hsa-miR-509-5p	20																																			
hsa-miR-510-5p				29																																
hsa-miR-5100	13	427		17	91		30	49			37			31				81			57	127		17			244							18	7	
hsa-miR-511-5p																																			20	
hsa-miR-513a-5p		57					170		81		69																									
hsa-miR-513b-5p							19		1																76	183										
hsa-miR-513c-5p	36						62																		172			98							39	
hsa-miR-514a-3p	16	23		91	109		80		91													266			140		49	145								
hsa-miR-514a-5p																			3									117								
hsa-miR-514b-3p	1																																			
hsa-miR-517a-3p												102																								
hsa-miR-517b-3p												102																								
hsa-miR-5186																													1							
hsa-miR-518e-5p							1																													
hsa-miR-5193	3																																			
hsa-miR-5196-3p	39																				54															
hsa-miR-519a-5p	19						36																													
hsa-miR-519b-5p							1																													
hsa-miR-519c-5p							1																													
hsa-miR-522-3p	43	44		36																							48									
hsa-miR-522-5p							1																													
hsa-miR-523-5p							1																													
hsa-miR-532-3p	2	318		168	177		74		106	81	11			53	22			103			166			309		218	59			67		7	36	58	79	
hsa-miR-532-5p	1192	2908	419	479	448		1463	777	203	274	294	66	339	26	219		148	1057	232	184	181	225	397	2058	313	1063	857	253		220		45	540	741	528	
hsa-miR-539-3p	338																																			
hsa-miR-539-5p	489																																			
hsa-miR-541-3p	32																																			
hsa-miR-542-3p	81	216	47	38	83		43	92					166		27									203			129	68					46	69		
hsa-miR-542-5p						67																										7				
hsa-miR-543	3719																																			
hsa-miR-548ab	21																																1			
hsa-miR-548ad-5p	29																																			
hsa-miR-548ah-5p																										130										
hsa-miR-548al	21																																			
hsa-miR-548ap-5p																																			1	
hsa-miR-548ar-3p	13																																			
hsa-miR-548at-3p					1																															
hsa-miR-548at-5p																																		29		
hsa-miR-548av-5p													2																							
hsa-miR-548ay-3p	18																																			
hsa-miR-548e-3p	27						22				64											152												22	33	
hsa-miR-548j-5p														95																						
hsa-miR-548k					74		40																											47		
hsa-miR-548n																								90									1			
hsa-miR-548o-3p					76																															
hsa-miR-548s					1																															
hsa-miR-548v	10																																			
hsa-miR-550a-3-5p	5																																			
hsa-miR-550a-5p	5																																			
hsa-miR-551b-5p																															1					
hsa-miR-556-5p																																	13			
hsa-miR-5581-3p	15																																			
hsa-miR-5584-5p	107																																			
hsa-miR-5586-5p	37																																			
hsa-miR-5588-5p																											16									
hsa-miR-5682																																			1	
hsa-miR-5697							12																												73	
hsa-miR-570-3p																										94									71	
hsa-miR-572					1																															
hsa-miR-574-3p	767	758		202	54	187	119	171	349						73	1	310	257	2		271		79	129	143	115	184	215	1			12	68	170	339	
hsa-miR-576-5p	16	20			74										26						90															
hsa-miR-577	531	46							47																			1							125	
hsa-miR-582-3p	84	51																85			68					62			20					74		
hsa-miR-582-5p	137	42					24																													173
hsa-miR-584-5p	8520	390		164	94		128	42					1	34				62	331	84	193	7		390			379	296		53		18		24	31	1
hsa-miR-585-3p		29					5																													
hsa-miR-586				18																																
hsa-miR-589-3p	9																																			
hsa-miR-589-5p	105	145																											35	52				46	27	
hsa-miR-590-3p	330								30																										79	
hsa-miR-592	254																																			
hsa-miR-598-3p	1658	151	1				92	19			95										115			65			29	34							81	
hsa-miR-598-5p	9																																			
hsa-miR-6129	5	3	1	3	2		1												1	1	1	1		3		4	1							2	1	
hsa-miR-6130	2	1		1											3		1							2			1									
hsa-miR-6131																												1								
hsa-miR-6133		1		1																																
hsa-miR-6134	4	7		1	3	1		2	1		2			1				1				1		3		3	1	1	1	1	1			3		
hsa-miR-615-3p		198		49	208		199	78	74		93	46		31	20			303	1	128	62	262		450	11	297	85	49	21		99		13	50	20	
hsa-miR-615-5p							15																													
hsa-miR-616-3p	1	73						30	1												40			62			30	100								
hsa-miR-616-5p	19																																		37	
hsa-miR-618	56	47		20			18	23																			27						18	70	39	
hsa-miR-624-5p								35																												
hsa-miR-625-3p	1401	334		74			28	91									193				250			56				218					28		165	
hsa-miR-625-5p	26																							1												
hsa-miR-627-3p								43																												
hsa-miR-628-3p	1350	366		84	44		110											202	164		164	239	189	603			77		32		165		64	34	132	
hsa-miR-628-5p	493																																	48		
hsa-miR-629-3p																															108					
hsa-miR-629-5p	220	42					33	41			49			19	39						74	224	75				17	138							134	
hsa-miR-630																														23						
hsa-miR-636	24						19																													
hsa-miR-638																	1																			
hsa-miR-641	36							61																											51	
hsa-miR-642a-3p	120	64																											2						28	
hsa-miR-642a-5p	23						44																			51				78			50			
hsa-miR-642b-5p																										1										
hsa-miR-6500-3p											76																									
hsa-miR-6505-5p	70																																			
hsa-miR-6508-3p		22																																		
hsa-miR-6508-5p	35																																			
hsa-miR-6509-3p	8						16																													
hsa-miR-6509-5p							33																													
hsa-miR-651-5p	36	167					37	117		29			144		27			337	184	181	63			166		67	10							53	2	
hsa-miR-6511a-3p	97	32					62								18		113											46	37				5			
hsa-miR-6511a-5p	85																1																			
hsa-miR-6511b-3p	138	1		12			6				20				1						36							1						14	49	
hsa-miR-6511b-5p	85																1																			
hsa-miR-6513-3p	24																																			
hsa-miR-6513-5p	21																																			
hsa-miR-6514-5p	96																																			
hsa-miR-6516-3p	8																																			
hsa-miR-6516-5p	9							1																												
hsa-miR-652-3p	1816	1478	364	453	463	292	618	568	204	230	186	55	687	114	64			150	155	109	925	231		884	346	952	750	651	121	106	58	25	347	552	1349	
hsa-miR-653-3p	20	88					49																			61								21		
hsa-miR-653-5p		210		29	57		199	36																	157		46				89		41	70	39	
hsa-miR-654-3p	769						15														57															
hsa-miR-654-5p	205																																			
hsa-miR-655-3p	662																													2						
hsa-miR-655-5p	8																																			
hsa-miR-656-3p	1226																										1									
hsa-miR-660-3p	5						42																				43									
hsa-miR-660-5p	121	593		181	195		280	437	124		42	131		44				219			347		645	682	83	636	243	182		53		26		379	172	
hsa-miR-664a-3p	466	585		357	162		95	147	63	226	7							187	110	44	248			1028	12	486	134		69	25	1	12	27	145	208	
hsa-miR-664a-5p	405	778		90	83		147	80	122		222							81			131		218	171	43	195	131	52	31			51	43	180		
hsa-miR-664b-3p	12																																		35	
hsa-miR-664b-5p		14		19	24						72										57						39				1					
hsa-miR-668-3p	383																															1				
hsa-miR-671-3p	260	231																										78							24	
hsa-miR-671-5p	158												24																							
hsa-miR-6716-3p	113																																			
hsa-miR-6721-5p	17																																			
hsa-miR-6724-5p		8																																	23	
hsa-miR-6726-3p	19																																			
hsa-miR-6730-5p		74					21																	1												
hsa-miR-6732-3p				22																																
hsa-miR-6734-3p	3																																			
hsa-miR-6734-5p		44																			149														1	
hsa-miR-6735-5p	31				58																															
hsa-miR-6738-5p																					49									1						
hsa-miR-6746-3p	10																																			
hsa-miR-6747-3p	4																																			
hsa-miR-6748-3p													9						1																	
hsa-miR-675-5p	3																																			
hsa-miR-6751-5p							29																									5				
hsa-miR-6754-3p							40																													
hsa-miR-6757-5p									1		14																		5							
hsa-miR-676-3p	18							67																												
hsa-miR-6761-3p																								135												
hsa-miR-6761-5p		41																																		
hsa-miR-6772-3p		22																																		
hsa-miR-6773-5p																				2																
hsa-miR-6786-3p	34																																			
hsa-miR-6789-5p						1																														
hsa-miR-6791-5p																	2																			
hsa-miR-6792-5p				34																																
hsa-miR-6793-5p	11																																			
hsa-miR-6794-3p	32																																			
hsa-miR-6803-3p		95																																		
hsa-miR-6804-3p																										93										
hsa-miR-6809-5p																								40												
hsa-miR-6810-3p		6																			16													64		
hsa-miR-6810-5p		46																																		
hsa-miR-6815-5p																																1				
hsa-miR-6818-3p	13																																			
hsa-miR-6820-5p		4																																		
hsa-miR-6821-5p		47					36														84															
hsa-miR-6829-5p								1																												
hsa-miR-6835-5p					37																															
hsa-miR-6842-3p	79																																			
hsa-miR-6850-5p	22																																			
hsa-miR-6858-5p																						79														
hsa-miR-6859-5p	20	20																			98	1														
hsa-miR-6862-3p	12																																			
hsa-miR-6863				62			32																											61		
hsa-miR-6869-5p																								1							2		9			
hsa-miR-6876-3p	33																																			
hsa-miR-6877-5p	16																																			
hsa-miR-6881-3p	61																																			
hsa-miR-6882-5p		40																																		
hsa-miR-6883-3p	10																																			
hsa-miR-7-1-3p	140			21			22																												28	
hsa-miR-7-5p	41312	379	45	141	247	1	159	157			28	92	5	77	21		196			163	537	265		67	151	119	85	394	21	40	316	79	143	60	354	
hsa-miR-708-3p	78																					82														
hsa-miR-708-5p	609	1																													1					
hsa-miR-7110-3p	17																																			
hsa-miR-7111-3p				5																																
hsa-miR-7113-3p	10																																			
hsa-miR-7114-3p	10																																			
hsa-miR-7151-3p	30																																			
hsa-miR-7151-5p	32																																			
hsa-miR-7155-5p		1																																		
hsa-miR-7156-5p	17																																			
hsa-miR-7159-5p																		1																		
hsa-miR-744-3p	156																																			
hsa-miR-744-5p	1921	56				72	20	10							21						71			22		292	18	1					12			
hsa-miR-758-3p	15																																			
hsa-miR-758-5p	110																																			
hsa-miR-760	688	16					9						25															1							38	
hsa-miR-765																											68									
hsa-miR-766-3p	56	19					14	8										83			29															
hsa-miR-766-5p							8																													
hsa-miR-769-3p	86																																			
hsa-miR-769-5p	4847	84		73	160		65		80		56		1						236		174					57	38	1	5					8	69	
hsa-miR-7703	15																																			
hsa-miR-7704	5	28			52																					109										
hsa-miR-7706	37																								115											
hsa-miR-7845-5p																											14									
hsa-miR-7847-3p																					1															
hsa-miR-7852-3p		1																																		
hsa-miR-7854-3p																											19									
hsa-miR-7976				5																																
hsa-miR-7977																						2			1		1						1			
hsa-miR-8055																										53										
hsa-miR-873-3p	75																																			
hsa-miR-873-5p	138																																			
hsa-miR-874-3p	2112	136		11	151		206	80	144	43	15	49										119	11	232	43	159	183	114		136			63	1	29	
hsa-miR-874-5p	38																																			
hsa-miR-876-3p	56																																			
hsa-miR-877-3p	5																																			
hsa-miR-877-5p	127	762		217	256	55	310	39	110		178	8			51		356		134		328	406		224		227	115	181	56	36		20	100	107	125	
hsa-miR-885-3p	143	18																																		
hsa-miR-885-5p	4480	60					14						1		18			42					42										64	44	1	
hsa-miR-887-3p	106																																			
hsa-miR-887-5p	26							35																												
hsa-miR-888-5p	16	57		85	72		150	28			1	156									61			330		437	13			95			132	75		
hsa-miR-889-3p	1672																																			
hsa-miR-889-5p	30																																			
hsa-miR-891a-5p		2402		532	644		1180	85	25	141	159	130			40				2	86	224	46	82	445	173	2842	55	76			130	16	836	88		
hsa-miR-891b																										135										
hsa-miR-892a				8	26																															
hsa-miR-892b											44																									
hsa-miR-9-3p	173275	995		105	97	1	83	521	47		126		13		178		1		1		189	2		313			550	6				1	31	410	299	1
hsa-miR-9-5p	751484	3100	2	505	646		632	1253	590	565	358	125	41	56	178	1	3	188	416	206	1648	274	298	1550	387	738	2477	258	1	375	1	209	470	1620	1397	1
hsa-miR-92a-1-5p	18	52		9			64															192		167		4	28	175								
hsa-miR-92a-2-5p							25		80															190												
hsa-miR-92a-3p	90888	71978	3864	18301	15197	3332	27230	22806	7272	7162	8542	2516	3355	1874	1976	127	5559	15618	7569	4915	23226	5558	12251	67369	5337	38519	15792	20173	1907	8702	3705	2111	9055	22397	34034	158
hsa-miR-92b-3p	22719	6125	284	1789	836	111	2515	1166	265	473	714	122	80	15	1		267	1037	391	547	2998	369	1188	3737	253	1859	882	1049	18	664	1	191	910	1347	2402	
hsa-miR-92b-5p	77	147		45	45		29	40	74		174															268						18		27	32	
hsa-miR-93-3p	9	21		22	5			30			25									37														16		
hsa-miR-93-5p	5411	1616	320	332	497	221	598	772	59	93	311	204	184	31	81		433	93	153	274	975	202	188	1722	147	791	811	1368	130	33	69	116	211	592	2126	
hsa-miR-934		153		13			37				50														3	74					1				68	
hsa-miR-935	391																																			
hsa-miR-937-3p	14	40			22		46																													
hsa-miR-940	79																																			
hsa-miR-941	41	35						19																							1					
hsa-miR-942-5p	30	70		27				29			77															75	49								1	
hsa-miR-944						1																						165							63	
hsa-miR-95-3p	11559	1444	239	529	709	1	1134	643	632		276		3	241	39			1166	1	275	96		1	1592	318	1186	180	210			205			630	624	
hsa-miR-96-5p		57				97	24	98	72						93			1			53			328		50	85						38	147	298	
hsa-miR-98-3p	174	134		61	29		21											51			52						97	60						47	57	
hsa-miR-98-5p	41949	21347	1016	5990	9237	670	6980	2767	3084	731	2331	1123	268	708	540	2	1595	3794	1675	2405	5416	4865	456	19771	1296	5423	5698	4199	202	2556	689	492	1225	4543	6408	6
hsa-miR-9901		1		28																																
hsa-miR-9903																																	1	28		
hsa-miR-9985	269	30	6	11	15	1	22	76	13	18	61	1	2	2			12	120	3	5	9	10	7	32	4	12	22	80	2	4	1			9	47	
hsa-miR-99a-3p	5																																			
hsa-miR-99a-5p	31837	13099	792	2030	3238	935	4368	4700	2457	772	1873	399	1578	74	628	52	2188	1915	1619	625	5508	2161	1857	7158	924	6341	3985	1297	491	1569	674	472	1481	4979	6938	
hsa-miR-99b-3p	1387	388	25	95	199		159	154			132	10	38								297			255		35	61	46	27		96	42	133	32	56	
hsa-miR-99b-5p	55305	49736	3282	10212	13166	1650	14723	11271	7698	2662	6655	834	3101	794	972	126	2536	7811	4795	2700	17565	7899	4373	19791	3317	18867	16802	10306	1552	3771	1634	2079	4693	17213	23999	132
